ID_Chamado,Data_Abertura,Equipamento,Tipo_Falha,Prioridade,Tecnico_Responsavel,Status,Data_Conclusao,Tempo_Resolucao_Horas,Custo_Estimado_R$,Peca_Trocada,Linha_Onibus,Mes_Abertura
CH00001,2023-08-17 00:00:00,Display Digital DD-50,Falha de Leitura,Baixa,Pedro Oliveira,Concluída,2023-08-17 17:31:00,17.52,126,Sim,Linha 100,2023-08
CH00002,2023-08-12 00:00:00,Computador Bordo CB-100,Falha Elétrica,Baixa,João Silva,Concluída,2023-08-12 23:52:00,23.87,229,Sim,Linha 100,2023-08
CH00003,2023-10-12 00:00:00,Computador Bordo CB-100,Erro de Comunicação,Crítica,Maria Santos,Concluída,2023-10-12 00:31:00,0.52,1190,Sim,Linha 300,2023-10
CH00004,2023-04-05 00:00:00,Catraca CT-500,Erro de Comunicação,Média,Pedro Oliveira,Concluída,2023-04-05 16:58:00,16.97,274,Não,Linha 300,2023-04
CH00005,2023-05-08 00:00:00,Computador Bordo CB-100,Desgaste Mecânico,Baixa,Ana Costa,Pendente,,,196,Sim,Linha 500,2023-05
CH00006,2023-03-13 00:00:00,Catraca CT-500,Conectividade,Alta,Mário Inácio,Concluída,2023-03-13 02:23:00,2.38,608,Não,Linha 100,2023-03
CH00007,2024-04-09 00:00:00,Antena GPS AG-20,Erro de Comunicação,Baixa,Ana Costa,Concluída,2024-04-10 08:54:00,32.9,141,Não,Linha 300,2024-04
CH00008,2023-06-25 00:00:00,Validador VA-3000,Sensor Danificado,Alta,João Silva,Pendente,,,686,Não,Linha 200,2023-06
CH00009,2023-11-29 00:00:00,Catraca CT-700,Falha Elétrica,Alta,Mário Inácio,Concluída,2023-11-29 02:28:00,2.47,608,Sim,Linha 300,2023-11
CH00010,2023-11-19 00:00:00,Catraca CT-700,Desgaste Mecânico,Baixa,Maria Santos,Pendente,,,154,Sim,Linha 400,2023-11
CH00011,2023-09-10 00:00:00,Display Digital DD-50,Falha Elétrica,Média,Pedro Oliveira,Concluída,2023-09-10 23:09:00,23.15,387,Não,Linha 500,2023-09
CH00012,2023-05-22 00:00:00,Catraca CT-700,Defeito de Software,Crítica,Pedro Oliveira,Concluída,2023-05-22 02:40:00,2.67,1276,Sim,Linha 100,2023-05
CH00013,2023-03-07 00:00:00,Antena GPS AG-20,Falha de Leitura,Média,Maria Santos,Concluída,2023-03-07 17:08:00,17.13,347,Sim,Linha 400,2023-03
CH00014,2023-10-01 00:00:00,Computador Bordo CB-100,Desgaste Mecânico,Baixa,João Silva,Pendente,,,187,Sim,Linha 300,2023-10
CH00015,2024-05-27 00:00:00,Catraca CT-700,Erro de Comunicação,Crítica,João Silva,Concluída,2024-05-27 01:15:00,1.25,1279,Sim,Linha 300,2024-05
CH00016,2023-06-15 00:00:00,Antena GPS AG-20,Sensor Danificado,Média,Maria Santos,Concluída,2023-06-15 22:24:00,22.4,385,Sim,Linha 500,2023-06
CH00017,2023-11-11 00:00:00,Catraca CT-500,Falha Elétrica,Baixa,João Silva,Concluída,2023-11-12 00:20:00,24.33,114,Não,Linha 500,2023-11
CH00018,2023-05-09 00:00:00,Validador VA-2000,Falha de Leitura,Crítica,João Silva,Pendente,,,1182,Sim,Linha 500,2023-05
CH00019,2023-07-25 00:00:00,Validador VA-3000,Desgaste Mecânico,Crítica,Maria Santos,Pendente,,,1229,Sim,Linha 300,2023-07
CH00020,2023-08-19 00:00:00,Catraca CT-700,Defeito de Software,Crítica,João Silva,Concluída,2023-08-19 00:46:00,0.77,1236,Sim,Linha 500,2023-08
CH00021,2023-03-02 00:00:00,Computador Bordo CB-100,Erro de Comunicação,Média,João Silva,Concluída,2023-03-02 11:48:00,11.8,267,Sim,Linha 300,2023-03
CH00022,2023-08-08 00:00:00,Validador VA-2000,Defeito de Software,Média,Pedro Oliveira,Concluída,2023-08-08 22:24:00,22.4,283,Sim,Linha 500,2023-08
CH00023,2023-04-07 00:00:00,Catraca CT-700,Erro de Comunicação,Crítica,Ana Costa,Concluída,2023-04-07 00:54:00,0.9,1260,Não,Linha 400,2023-04
CH00024,2024-02-17 00:00:00,Catraca CT-700,Falha Elétrica,Baixa,João Silva,Concluída,2024-02-18 07:09:00,31.15,127,Não,Linha 200,2024-02
CH00025,2023-07-07 00:00:00,Validador VA-3000,Defeito de Software,Crítica,Maria Santos,Concluída,2023-07-07 01:41:00,1.68,1268,Não,Linha 100,2023-07
CH00026,2023-01-16 00:00:00,Catraca CT-700,Conectividade,Baixa,João Silva,Pendente,,,123,Não,Linha 200,2023-01
CH00027,2023-03-02 00:00:00,Catraca CT-700,Falha Elétrica,Crítica,Maria Santos,Concluída,2023-03-02 01:12:00,1.2,1247,Sim,Linha 400,2023-03
CH00028,2024-05-13 00:00:00,Catraca CT-500,Conectividade,Crítica,Pedro Oliveira,Concluída,2024-05-13 01:09:00,1.15,1198,Não,Linha 200,2024-05
CH00029,2023-02-21 00:00:00,Validador VA-2000,Defeito de Software,Baixa,Pedro Oliveira,Concluída,2023-02-22 23:52:00,47.87,222,Sim,Linha 500,2023-02
CH00030,2023-03-11 00:00:00,Validador VA-3000,Falha de Leitura,Baixa,Maria Santos,Concluída,2023-03-12 00:03:00,24.05,203,Sim,Linha 500,2023-03
CH00031,2024-03-05 00:00:00,Validador VA-3000,Defeito de Software,Baixa,Mário Inácio,Concluída,2024-03-06 23:50:00,47.83,244,Sim,Linha 300,2024-03
CH00032,2024-02-10 00:00:00,Catraca CT-500,Erro de Comunicação,Alta,Maria Santos,Concluída,2024-02-10 03:07:00,3.12,626,Sim,Linha 300,2024-02
CH00033,2023-04-13 00:00:00,Antena GPS AG-20,Falha de Leitura,Baixa,Ana Costa,Pendente,,,118,Sim,Linha 200,2023-04
CH00034,2023-09-08 00:00:00,Computador Bordo CB-100,Desgaste Mecânico,Média,Pedro Oliveira,Concluída,2023-09-08 16:36:00,16.6,322,Não,Linha 400,2023-09
CH00035,2023-01-09 00:00:00,Antena GPS AG-20,Defeito de Software,Alta,Mário Inácio,Pendente,,,691,Não,Linha 100,2023-01
CH00036,2023-06-09 00:00:00,Validador VA-3000,Desgaste Mecânico,Baixa,João Silva,Pendente,,,169,Não,Linha 500,2023-06
CH00037,2024-06-01 00:00:00,Validador VA-3000,Sensor Danificado,Alta,Maria Santos,Concluída,2024-06-01 06:10:00,6.17,614,Sim,Linha 100,2024-06
CH00038,2023-12-08 00:00:00,Display Digital DD-50,Falha Elétrica,Alta,João Silva,Concluída,2023-12-08 03:06:00,3.1,617,Não,Linha 400,2023-12
CH00039,2023-04-25 00:00:00,Computador Bordo CB-100,Sensor Danificado,Crítica,Mário Inácio,Concluída,2023-04-25 00:49:00,0.82,1188,Sim,Linha 100,2023-04
CH00040,2023-02-12 00:00:00,Antena GPS AG-20,Desgaste Mecânico,Média,Ana Costa,Concluída,2023-02-12 14:31:00,14.52,343,Sim,Linha 300,2023-02
CH00041,2024-02-21 00:00:00,Validador VA-3000,Sensor Danificado,Média,João Silva,Concluída,2024-02-21 09:16:00,9.27,310,Não,Linha 200,2024-02
CH00042,2023-09-12 00:00:00,Catraca CT-700,Falha de Leitura,Média,Pedro Oliveira,Concluída,2023-09-12 13:06:00,13.1,290,Sim,Linha 400,2023-09
CH00043,2024-04-16 00:00:00,Antena GPS AG-20,Falha de Leitura,Crítica,Maria Santos,Concluída,2024-04-16 01:59:00,1.98,1228,Não,Linha 200,2024-04
CH00044,2023-10-13 00:00:00,Validador VA-2000,Sensor Danificado,Média,Ana Costa,Concluída,2023-10-13 06:22:00,6.37,321,Não,Linha 500,2023-10
CH00045,2023-09-25 00:00:00,Catraca CT-700,Sensor Danificado,Alta,João Silva,Concluída,2023-09-25 03:31:00,3.52,698,Não,Linha 100,2023-09
CH00046,2024-03-22 00:00:00,Validador VA-2000,Defeito de Software,Crítica,Pedro Oliveira,Concluída,2024-03-22 02:40:00,2.67,1179,Sim,Linha 500,2024-03
CH00047,2024-06-16 00:00:00,Validador VA-3000,Desgaste Mecânico,Baixa,Ana Costa,Concluída,2024-06-17 20:45:00,44.75,150,Não,Linha 400,2024-06
CH00048,2023-05-08 00:00:00,Validador VA-2000,Sensor Danificado,Alta,Mário Inácio,Concluída,2023-05-08 04:33:00,4.55,679,Não,Linha 400,2023-05
CH00049,2023-07-16 00:00:00,Catraca CT-500,Falha Elétrica,Alta,Mário Inácio,Concluída,2023-07-16 05:35:00,5.58,647,Não,Linha 500,2023-07
CH00050,2023-11-08 00:00:00,Computador Bordo CB-100,Desgaste Mecânico,Crítica,Mário Inácio,Concluída,2023-11-08 01:43:00,1.72,1203,Sim,Linha 500,2023-11
CH00051,2024-03-28 00:00:00,Computador Bordo CB-100,Sensor Danificado,Alta,Ana Costa,Concluída,2024-03-28 07:45:00,7.75,604,Sim,Linha 400,2024-03
CH00052,2024-06-11 00:00:00,Antena GPS AG-20,Conectividade,Média,João Silva,Concluída,2024-06-11 15:26:00,15.43,273,Não,Linha 300,2024-06
CH00053,2023-02-17 00:00:00,Validador VA-3000,Conectividade,Média,Maria Santos,Concluída,2023-02-17 12:21:00,12.35,371,Sim,Linha 100,2023-02
CH00054,2024-02-14 00:00:00,Catraca CT-700,Falha Elétrica,Média,Ana Costa,Concluída,2024-02-14 12:19:00,12.32,287,Sim,Linha 100,2024-02
CH00055,2024-04-20 00:00:00,Antena GPS AG-20,Falha Elétrica,Média,Maria Santos,Pendente,,,262,Sim,Linha 200,2024-04
CH00056,2024-06-27 00:00:00,Antena GPS AG-20,Falha de Leitura,Crítica,Maria Santos,Concluída,2024-06-27 02:53:00,2.88,1231,Sim,Linha 500,2024-06
CH00057,2023-06-12 00:00:00,Antena GPS AG-20,Sensor Danificado,Crítica,Mário Inácio,Concluída,2023-06-12 02:31:00,2.52,1265,Não,Linha 200,2023-06
CH00058,2023-09-02 00:00:00,Antena GPS AG-20,Sensor Danificado,Alta,Mário Inácio,Concluída,2023-09-02 04:20:00,4.33,662,Sim,Linha 300,2023-09
CH00059,2023-03-24 00:00:00,Validador VA-3000,Desgaste Mecânico,Alta,Pedro Oliveira,Pendente,,,585,Não,Linha 200,2023-03
CH00060,2024-02-29 00:00:00,Catraca CT-700,Sensor Danificado,Média,Maria Santos,Concluída,2024-02-29 17:54:00,17.9,334,Sim,Linha 400,2024-02
CH00061,2023-01-21 00:00:00,Catraca CT-700,Falha de Leitura,Média,Ana Costa,Concluída,2023-01-21 23:39:00,23.65,347,Sim,Linha 100,2023-01
CH00062,2023-08-14 00:00:00,Catraca CT-500,Desgaste Mecânico,Crítica,Ana Costa,Pendente,,,1274,Não,Linha 300,2023-08
CH00063,2024-02-19 00:00:00,Catraca CT-700,Falha Elétrica,Baixa,Ana Costa,Concluída,2024-02-19 19:16:00,19.27,219,Não,Linha 500,2024-02
CH00064,2023-01-28 00:00:00,Computador Bordo CB-100,Falha de Leitura,Crítica,Mário Inácio,Pendente,,,1171,Sim,Linha 200,2023-01
CH00065,2024-01-24 00:00:00,Antena GPS AG-20,Falha Elétrica,Média,João Silva,Concluída,2024-01-24 15:10:00,15.17,304,Sim,Linha 300,2024-01
CH00066,2023-09-16 00:00:00,Catraca CT-500,Conectividade,Crítica,Pedro Oliveira,Concluída,2023-09-16 00:50:00,0.83,1270,Sim,Linha 500,2023-09
CH00067,2023-02-01 00:00:00,Validador VA-2000,Desgaste Mecânico,Média,João Silva,Concluída,2023-02-01 12:26:00,12.43,301,Sim,Linha 500,2023-02
CH00068,2023-08-12 00:00:00,Validador VA-3000,Erro de Comunicação,Média,Ana Costa,Concluída,2023-08-12 19:52:00,19.87,315,Não,Linha 200,2023-08
CH00069,2023-04-21 00:00:00,Computador Bordo CB-100,Defeito de Software,Baixa,Maria Santos,Concluída,2023-04-22 23:30:00,47.5,106,Não,Linha 500,2023-04
CH00070,2023-09-06 00:00:00,Display Digital DD-50,Falha Elétrica,Crítica,Maria Santos,Concluída,2023-09-06 00:56:00,0.93,1227,Sim,Linha 100,2023-09
CH00071,2024-03-14 00:00:00,Antena GPS AG-20,Defeito de Software,Baixa,Pedro Oliveira,Pendente,,,194,Sim,Linha 500,2024-03
CH00072,2023-04-19 00:00:00,Display Digital DD-50,Desgaste Mecânico,Baixa,Ana Costa,Concluída,2023-04-20 13:35:00,37.58,192,Sim,Linha 200,2023-04
CH00073,2024-05-10 00:00:00,Catraca CT-700,Erro de Comunicação,Alta,Mário Inácio,Pendente,,,669,Sim,Linha 500,2024-05
CH00074,2024-04-06 00:00:00,Catraca CT-500,Desgaste Mecânico,Média,João Silva,Concluída,2024-04-06 12:19:00,12.32,368,Sim,Linha 500,2024-04
CH00075,2023-11-29 00:00:00,Display Digital DD-50,Falha Elétrica,Alta,João Silva,Concluída,2023-11-29 03:33:00,3.55,674,Não,Linha 300,2023-11
CH00076,2023-10-10 00:00:00,Antena GPS AG-20,Desgaste Mecânico,Alta,Pedro Oliveira,Pendente,,,692,Sim,Linha 500,2023-10
CH00077,2023-09-04 00:00:00,Validador VA-3000,Falha de Leitura,Média,Ana Costa,Concluída,2023-09-04 20:15:00,20.25,375,Sim,Linha 100,2023-09
CH00078,2023-11-10 00:00:00,Validador VA-2000,Desgaste Mecânico,Média,Ana Costa,Concluída,2023-11-10 23:51:00,23.85,344,Sim,Linha 500,2023-11
CH00079,2023-12-27 00:00:00,Computador Bordo CB-100,Desgaste Mecânico,Crítica,Mário Inácio,Concluída,2023-12-27 02:26:00,2.43,1219,Não,Linha 300,2023-12
CH00080,2023-07-09 00:00:00,Validador VA-3000,Falha de Leitura,Média,Pedro Oliveira,Concluída,2023-07-09 10:32:00,10.53,305,Sim,Linha 300,2023-07
CH00081,2023-10-31 00:00:00,Display Digital DD-50,Defeito de Software,Alta,João Silva,Concluída,2023-10-31 03:56:00,3.93,642,Não,Linha 300,2023-10
CH00082,2023-02-25 00:00:00,Validador VA-2000,Sensor Danificado,Média,Pedro Oliveira,Concluída,2023-02-25 22:53:00,22.88,324,Não,Linha 400,2023-02
CH00083,2024-04-25 00:00:00,Validador VA-2000,Conectividade,Baixa,Mário Inácio,Concluída,2024-04-26 16:40:00,40.67,212,Não,Linha 200,2024-04
CH00084,2024-02-15 00:00:00,Validador VA-2000,Desgaste Mecânico,Crítica,João Silva,Concluída,2024-02-15 02:35:00,2.58,1168,Sim,Linha 100,2024-02
CH00085,2023-05-02 00:00:00,Validador VA-3000,Erro de Comunicação,Alta,João Silva,Concluída,2023-05-02 06:45:00,6.75,656,Sim,Linha 500,2023-05
CH00086,2024-04-06 00:00:00,Antena GPS AG-20,Defeito de Software,Média,Mário Inácio,Concluída,2024-04-06 19:06:00,19.1,326,Sim,Linha 400,2024-04
CH00087,2023-08-01 00:00:00,Catraca CT-500,Defeito de Software,Baixa,Mário Inácio,Concluída,2023-08-01 22:24:00,22.4,167,Sim,Linha 200,2023-08
CH00088,2024-02-23 00:00:00,Validador VA-3000,Erro de Comunicação,Baixa,Maria Santos,Concluída,2024-02-24 14:45:00,38.75,220,Não,Linha 100,2024-02
CH00089,2023-08-28 00:00:00,Validador VA-3000,Desgaste Mecânico,Alta,Ana Costa,Concluída,2023-08-28 04:15:00,4.25,700,Não,Linha 400,2023-08
CH00090,2023-05-26 00:00:00,Validador VA-2000,Defeito de Software,Média,Maria Santos,Concluída,2023-05-26 06:26:00,6.43,265,Não,Linha 300,2023-05
CH00091,2024-04-24 00:00:00,Computador Bordo CB-100,Sensor Danificado,Alta,Ana Costa,Concluída,2024-04-24 07:52:00,7.87,627,Sim,Linha 300,2024-04
CH00092,2023-02-10 00:00:00,Computador Bordo CB-100,Defeito de Software,Crítica,Ana Costa,Concluída,2023-02-10 02:20:00,2.33,1232,Sim,Linha 300,2023-02
CH00093,2023-01-22 00:00:00,Validador VA-2000,Falha de Leitura,Média,Mário Inácio,Pendente,,,318,Sim,Linha 100,2023-01
CH00094,2024-03-28 00:00:00,Antena GPS AG-20,Conectividade,Média,Ana Costa,Pendente,,,321,Não,Linha 500,2024-03
CH00095,2023-12-23 00:00:00,Catraca CT-700,Sensor Danificado,Crítica,João Silva,Concluída,2023-12-23 02:14:00,2.23,1235,Não,Linha 100,2023-12
CH00096,2023-10-23 00:00:00,Antena GPS AG-20,Erro de Comunicação,Alta,Ana Costa,Concluída,2023-10-23 07:39:00,7.65,652,Sim,Linha 100,2023-10
CH00097,2023-04-29 00:00:00,Catraca CT-700,Falha de Leitura,Alta,Pedro Oliveira,Concluída,2023-04-29 05:26:00,5.43,681,Sim,Linha 500,2023-04
CH00098,2024-01-06 00:00:00,Catraca CT-700,Falha Elétrica,Baixa,Maria Santos,Pendente,,,227,Sim,Linha 100,2024-01
CH00099,2024-05-11 00:00:00,Validador VA-3000,Desgaste Mecânico,Média,Pedro Oliveira,Concluída,2024-05-11 08:08:00,8.13,257,Sim,Linha 200,2024-05
CH00100,2024-02-22 00:00:00,Display Digital DD-50,Erro de Comunicação,Alta,Mário Inácio,Concluída,2024-02-22 02:47:00,2.78,607,Sim,Linha 400,2024-02
CH00101,2024-06-05 00:00:00,Validador VA-2000,Sensor Danificado,Média,Ana Costa,Concluída,2024-06-05 13:19:00,13.32,356,Sim,Linha 400,2024-06
CH00102,2024-06-04 00:00:00,Validador VA-3000,Falha Elétrica,Média,Ana Costa,Concluída,2024-06-04 08:39:00,8.65,267,Não,Linha 400,2024-06
CH00103,2023-11-02 00:00:00,Catraca CT-500,Conectividade,Alta,João Silva,Concluída,2023-11-02 07:00:00,7.0,698,Sim,Linha 200,2023-11
CH00104,2024-01-22 00:00:00,Catraca CT-700,Defeito de Software,Crítica,Pedro Oliveira,Concluída,2024-01-22 02:26:00,2.43,1232,Não,Linha 200,2024-01
CH00105,2023-11-22 00:00:00,Computador Bordo CB-100,Falha Elétrica,Média,Ana Costa,Concluída,2023-11-22 20:08:00,20.13,347,Sim,Linha 200,2023-11
CH00106,2023-12-06 00:00:00,Catraca CT-700,Falha de Leitura,Média,Mário Inácio,Pendente,,,275,Sim,Linha 100,2023-12
CH00107,2023-06-08 00:00:00,Computador Bordo CB-100,Falha Elétrica,Baixa,Maria Santos,Concluída,2023-06-08 13:06:00,13.1,220,Não,Linha 300,2023-06
CH00108,2024-06-30 00:00:00,Computador Bordo CB-100,Sensor Danificado,Crítica,João Silva,Concluída,2024-06-30 02:07:00,2.12,1231,Sim,Linha 500,2024-06
CH00109,2023-08-21 00:00:00,Validador VA-2000,Defeito de Software,Baixa,Maria Santos,Concluída,2023-08-21 14:10:00,14.17,211,Sim,Linha 100,2023-08
CH00110,2023-11-29 00:00:00,Catraca CT-700,Erro de Comunicação,Alta,João Silva,Concluída,2023-11-29 02:28:00,2.47,625,Não,Linha 300,2023-11
CH00111,2023-07-04 00:00:00,Catraca CT-700,Erro de Comunicação,Média,Mário Inácio,Concluída,2023-07-04 09:48:00,9.8,294,Sim,Linha 500,2023-07
CH00112,2023-05-27 00:00:00,Antena GPS AG-20,Falha Elétrica,Média,Ana Costa,Pendente,,,309,Sim,Linha 300,2023-05
CH00113,2023-06-11 00:00:00,Catraca CT-700,Desgaste Mecânico,Baixa,Ana Costa,Concluída,2023-06-11 13:02:00,13.03,213,Não,Linha 500,2023-06
CH00114,2023-11-06 00:00:00,Catraca CT-500,Sensor Danificado,Crítica,Pedro Oliveira,Concluída,2023-11-06 01:20:00,1.33,1248,Sim,Linha 100,2023-11
CH00115,2023-10-30 00:00:00,Validador VA-3000,Falha Elétrica,Alta,Mário Inácio,Concluída,2023-10-30 02:11:00,2.18,651,Não,Linha 100,2023-10
CH00116,2023-10-21 00:00:00,Computador Bordo CB-100,Conectividade,Baixa,Mário Inácio,Concluída,2023-10-21 23:42:00,23.7,190,Não,Linha 200,2023-10
CH00117,2023-11-13 00:00:00,Computador Bordo CB-100,Desgaste Mecânico,Média,João Silva,Concluída,2023-11-13 19:02:00,19.03,258,Sim,Linha 300,2023-11
CH00118,2024-03-01 00:00:00,Display Digital DD-50,Erro de Comunicação,Baixa,Pedro Oliveira,Concluída,2024-03-01 19:59:00,19.98,151,Não,Linha 500,2024-03
CH00119,2024-05-08 00:00:00,Catraca CT-500,Defeito de Software,Alta,Maria Santos,Concluída,2024-05-08 04:31:00,4.52,636,Sim,Linha 400,2024-05
CH00120,2024-01-10 00:00:00,Validador VA-2000,Erro de Comunicação,Média,Ana Costa,Pendente,,,273,Sim,Linha 100,2024-01
CH00121,2023-09-26 00:00:00,Catraca CT-500,Defeito de Software,Baixa,Ana Costa,Concluída,2023-09-27 23:54:00,47.9,197,Não,Linha 100,2023-09
CH00122,2023-12-02 00:00:00,Display Digital DD-50,Erro de Comunicação,Crítica,João Silva,Pendente,,,1206,Sim,Linha 400,2023-12
CH00123,2023-02-16 00:00:00,Display Digital DD-50,Desgaste Mecânico,Crítica,João Silva,Concluída,2023-02-16 00:39:00,0.65,1227,Sim,Linha 100,2023-02
CH00124,2024-01-15 00:00:00,Validador VA-2000,Erro de Comunicação,Média,Ana Costa,Concluída,2024-01-15 22:26:00,22.43,357,Sim,Linha 200,2024-01
CH00125,2024-02-22 00:00:00,Catraca CT-700,Sensor Danificado,Baixa,Ana Costa,Pendente,,,171,Sim,Linha 300,2024-02
CH00126,2023-04-12 00:00:00,Validador VA-3000,Falha Elétrica,Crítica,Maria Santos,Concluída,2023-04-12 02:04:00,2.07,1289,Não,Linha 100,2023-04
CH00127,2023-04-04 00:00:00,Catraca CT-700,Desgaste Mecânico,Média,João Silva,Concluída,2023-04-04 11:14:00,11.23,255,Sim,Linha 300,2023-04
CH00128,2023-08-01 00:00:00,Validador VA-3000,Erro de Comunicação,Média,João Silva,Pendente,,,400,Não,Linha 200,2023-08
CH00129,2023-10-11 00:00:00,Catraca CT-500,Conectividade,Média,Mário Inácio,Concluída,2023-10-11 08:56:00,8.93,283,Sim,Linha 300,2023-10
CH00130,2023-01-16 00:00:00,Antena GPS AG-20,Erro de Comunicação,Baixa,João Silva,Concluída,2023-01-17 08:27:00,32.45,160,Sim,Linha 300,2023-01
CH00131,2024-03-07 00:00:00,Validador VA-2000,Erro de Comunicação,Alta,João Silva,Concluída,2024-03-07 06:29:00,6.48,579,Sim,Linha 400,2024-03
CH00132,2023-04-22 00:00:00,Catraca CT-700,Conectividade,Alta,Mário Inácio,Pendente,,,665,Sim,Linha 200,2023-04
CH00133,2023-03-04 00:00:00,Computador Bordo CB-100,Falha de Leitura,Alta,Ana Costa,Concluída,2023-03-04 06:05:00,6.08,652,Sim,Linha 100,2023-03
CH00134,2023-11-26 00:00:00,Catraca CT-700,Sensor Danificado,Crítica,João Silva,Concluída,2023-11-26 01:07:00,1.12,1166,Não,Linha 300,2023-11
CH00135,2024-06-27 00:00:00,Computador Bordo CB-100,Sensor Danificado,Alta,Ana Costa,Pendente,,,625,Sim,Linha 500,2024-06
CH00136,2023-08-09 00:00:00,Computador Bordo CB-100,Falha Elétrica,Baixa,João Silva,Pendente,,,210,Sim,Linha 200,2023-08
CH00137,2023-04-08 00:00:00,Catraca CT-700,Desgaste Mecânico,Crítica,Ana Costa,Concluída,2023-04-08 01:50:00,1.83,1259,Não,Linha 300,2023-04
CH00138,2023-03-29 00:00:00,Catraca CT-500,Erro de Comunicação,Crítica,João Silva,Concluída,2023-03-29 00:53:00,0.88,1260,Sim,Linha 300,2023-03
CH00139,2023-12-04 00:00:00,Antena GPS AG-20,Erro de Comunicação,Baixa,Mário Inácio,Pendente,,,131,Sim,Linha 300,2023-12
CH00140,2023-11-16 00:00:00,Antena GPS AG-20,Sensor Danificado,Crítica,João Silva,Concluída,2023-11-16 02:00:00,2.0,1176,Sim,Linha 500,2023-11
CH00141,2023-12-25 00:00:00,Validador VA-3000,Erro de Comunicação,Crítica,Maria Santos,Concluída,2023-12-25 02:52:00,2.87,1244,Sim,Linha 300,2023-12
CH00142,2023-01-27 00:00:00,Computador Bordo CB-100,Erro de Comunicação,Crítica,Mário Inácio,Pendente,,,1218,Sim,Linha 200,2023-01
CH00143,2023-01-07 00:00:00,Catraca CT-500,Sensor Danificado,Alta,Pedro Oliveira,Concluída,2023-01-07 03:32:00,3.53,586,Sim,Linha 400,2023-01
CH00144,2023-08-09 00:00:00,Validador VA-2000,Erro de Comunicação,Baixa,João Silva,Pendente,,,196,Sim,Linha 400,2023-08
CH00145,2023-03-28 00:00:00,Catraca CT-500,Erro de Comunicação,Alta,Pedro Oliveira,Concluída,2023-03-28 02:26:00,2.43,589,Não,Linha 500,2023-03
CH00146,2024-03-10 00:00:00,Validador VA-2000,Sensor Danificado,Baixa,Pedro Oliveira,Concluída,2024-03-11 17:09:00,41.15,213,Sim,Linha 300,2024-03
CH00147,2023-04-24 00:00:00,Validador VA-3000,Conectividade,Baixa,Pedro Oliveira,Concluída,2023-04-25 03:20:00,27.33,224,Sim,Linha 300,2023-04
CH00148,2023-01-08 00:00:00,Validador VA-2000,Erro de Comunicação,Crítica,Mário Inácio,Concluída,2023-01-08 01:22:00,1.37,1227,Não,Linha 200,2023-01
CH00149,2023-01-08 00:00:00,Antena GPS AG-20,Desgaste Mecânico,Alta,Pedro Oliveira,Concluída,2023-01-08 06:14:00,6.23,660,Não,Linha 200,2023-01
CH00150,2023-12-29 00:00:00,Catraca CT-700,Defeito de Software,Média,Mário Inácio,Pendente,,,268,Sim,Linha 100,2023-12
CH00151,2024-03-15 00:00:00,Catraca CT-700,Falha de Leitura,Crítica,João Silva,Concluída,2024-03-15 02:56:00,2.93,1253,Sim,Linha 300,2024-03
CH00152,2024-04-16 00:00:00,Validador VA-2000,Falha Elétrica,Baixa,Pedro Oliveira,Concluída,2024-04-17 08:42:00,32.7,122,Sim,Linha 100,2024-04
CH00153,2024-02-10 00:00:00,Validador VA-3000,Falha Elétrica,Crítica,Mário Inácio,Concluída,2024-02-10 01:49:00,1.82,1236,Não,Linha 300,2024-02
CH00154,2024-06-27 00:00:00,Antena GPS AG-20,Erro de Comunicação,Baixa,Mário Inácio,Concluída,2024-06-28 18:48:00,42.8,149,Não,Linha 300,2024-06
CH00155,2023-05-30 00:00:00,Display Digital DD-50,Conectividade,Média,Maria Santos,Concluída,2023-05-30 12:44:00,12.73,300,Não,Linha 500,2023-05
CH00156,2024-04-20 00:00:00,Validador VA-3000,Conectividade,Baixa,Maria Santos,Concluída,2024-04-21 22:29:00,46.48,248,Sim,Linha 500,2024-04
CH00157,2024-03-26 00:00:00,Display Digital DD-50,Sensor Danificado,Alta,Pedro Oliveira,Concluída,2024-03-26 02:34:00,2.57,670,Sim,Linha 300,2024-03
CH00158,2023-03-17 00:00:00,Antena GPS AG-20,Desgaste Mecânico,Baixa,Pedro Oliveira,Pendente,,,179,Sim,Linha 400,2023-03
CH00159,2023-04-03 00:00:00,Validador VA-2000,Falha de Leitura,Alta,Pedro Oliveira,Concluída,2023-04-03 07:14:00,7.23,679,Sim,Linha 400,2023-04
CH00160,2023-07-12 00:00:00,Computador Bordo CB-100,Defeito de Software,Baixa,Ana Costa,Pendente,,,182,Sim,Linha 400,2023-07
CH00161,2023-12-18 00:00:00,Computador Bordo CB-100,Erro de Comunicação,Baixa,Ana Costa,Concluída,2023-12-18 13:45:00,13.75,229,Não,Linha 100,2023-12
CH00162,2024-06-19 00:00:00,Validador VA-3000,Sensor Danificado,Crítica,Ana Costa,Pendente,,,1190,Não,Linha 300,2024-06
CH00163,2023-02-23 00:00:00,Catraca CT-500,Falha Elétrica,Crítica,Pedro Oliveira,Pendente,,,1235,Sim,Linha 300,2023-02
CH00164,2023-06-03 00:00:00,Validador VA-2000,Defeito de Software,Crítica,Pedro Oliveira,Concluída,2023-06-03 01:55:00,1.92,1170,Sim,Linha 200,2023-06
CH00165,2023-03-28 00:00:00,Catraca CT-500,Desgaste Mecânico,Crítica,Maria Santos,Pendente,,,1229,Sim,Linha 400,2023-03
CH00166,2023-04-06 00:00:00,Display Digital DD-50,Conectividade,Alta,Maria Santos,Pendente,,,658,Sim,Linha 300,2023-04
CH00167,2023-12-16 00:00:00,Validador VA-2000,Desgaste Mecânico,Alta,Maria Santos,Concluída,2023-12-16 06:08:00,6.13,599,Não,Linha 200,2023-12
CH00168,2024-06-23 00:00:00,Validador VA-3000,Falha de Leitura,Alta,João Silva,Pendente,,,559,Não,Linha 500,2024-06
CH00169,2023-07-05 00:00:00,Validador VA-3000,Defeito de Software,Crítica,Maria Santos,Concluída,2023-07-05 01:12:00,1.2,1262,Sim,Linha 400,2023-07
CH00170,2023-10-19 00:00:00,Catraca CT-500,Sensor Danificado,Média,Ana Costa,Pendente,,,364,Não,Linha 500,2023-10
CH00171,2024-03-27 00:00:00,Validador VA-3000,Desgaste Mecânico,Crítica,Maria Santos,Concluída,2024-03-27 02:28:00,2.47,1222,Sim,Linha 500,2024-03
CH00172,2023-05-22 00:00:00,Computador Bordo CB-100,Falha Elétrica,Média,Maria Santos,Pendente,,,314,Sim,Linha 400,2023-05
CH00173,2023-10-19 00:00:00,Antena GPS AG-20,Desgaste Mecânico,Baixa,Mário Inácio,Concluída,2023-10-19 13:43:00,13.72,141,Não,Linha 400,2023-10
CH00174,2024-04-06 00:00:00,Computador Bordo CB-100,Erro de Comunicação,Crítica,João Silva,Concluída,2024-04-06 01:59:00,1.98,1156,Sim,Linha 100,2024-04
CH00175,2023-03-25 00:00:00,Catraca CT-700,Defeito de Software,Alta,Maria Santos,Concluída,2023-03-25 05:11:00,5.18,607,Sim,Linha 300,2023-03
CH00176,2023-02-09 00:00:00,Validador VA-2000,Conectividade,Alta,Maria Santos,Concluída,2023-02-09 04:26:00,4.43,670,Não,Linha 400,2023-02
CH00177,2023-09-20 00:00:00,Catraca CT-700,Defeito de Software,Baixa,João Silva,Concluída,2023-09-20 22:43:00,22.72,138,Sim,Linha 500,2023-09
CH00178,2023-11-05 00:00:00,Computador Bordo CB-100,Falha Elétrica,Baixa,Pedro Oliveira,Concluída,2023-11-05 16:19:00,16.32,112,Não,Linha 400,2023-11
CH00179,2024-05-26 00:00:00,Display Digital DD-50,Conectividade,Crítica,João Silva,Concluída,2024-05-26 02:47:00,2.78,1154,Sim,Linha 500,2024-05
CH00180,2023-01-02 00:00:00,Validador VA-3000,Sensor Danificado,Média,Pedro Oliveira,Concluída,2023-01-02 16:02:00,16.03,311,Sim,Linha 400,2023-01
CH00181,2023-03-11 00:00:00,Validador VA-3000,Sensor Danificado,Baixa,Mário Inácio,Concluída,2023-03-12 19:54:00,43.9,239,Sim,Linha 500,2023-03
CH00182,2024-02-01 00:00:00,Computador Bordo CB-100,Falha de Leitura,Crítica,Ana Costa,Concluída,2024-02-01 02:05:00,2.08,1214,Sim,Linha 300,2024-02
CH00183,2023-12-07 00:00:00,Antena GPS AG-20,Falha de Leitura,Alta,Maria Santos,Concluída,2023-12-07 03:08:00,3.13,561,Não,Linha 500,2023-12
CH00184,2023-07-06 00:00:00,Catraca CT-500,Conectividade,Média,Ana Costa,Concluída,2023-07-06 08:36:00,8.6,266,Sim,Linha 100,2023-07
CH00185,2023-11-20 00:00:00,Catraca CT-500,Erro de Comunicação,Baixa,Maria Santos,Concluída,2023-11-21 05:10:00,29.17,231,Sim,Linha 500,2023-11
CH00186,2024-01-01 00:00:00,Catraca CT-700,Desgaste Mecânico,Baixa,Maria Santos,Concluída,2024-01-01 11:15:00,11.25,184,Não,Linha 100,2024-01
CH00187,2024-01-31 00:00:00,Antena GPS AG-20,Desgaste Mecânico,Crítica,Ana Costa,Concluída,2024-01-31 01:56:00,1.93,1197,Sim,Linha 400,2024-01
CH00188,2023-03-22 00:00:00,Catraca CT-500,Conectividade,Alta,João Silva,Concluída,2023-03-22 05:40:00,5.67,596,Sim,Linha 300,2023-03
CH00189,2023-11-10 00:00:00,Catraca CT-500,Falha de Leitura,Baixa,Pedro Oliveira,Concluída,2023-11-11 14:26:00,38.43,209,Não,Linha 400,2023-11
CH00190,2024-03-21 00:00:00,Catraca CT-500,Falha Elétrica,Baixa,Pedro Oliveira,Pendente,,,170,Sim,Linha 100,2024-03
CH00191,2023-06-13 00:00:00,Display Digital DD-50,Sensor Danificado,Crítica,Pedro Oliveira,Pendente,,,1157,Não,Linha 500,2023-06
CH00192,2023-03-10 00:00:00,Display Digital DD-50,Conectividade,Crítica,João Silva,Concluída,2023-03-10 01:30:00,1.5,1243,Não,Linha 400,2023-03
CH00193,2024-01-16 00:00:00,Computador Bordo CB-100,Falha de Leitura,Média,Ana Costa,Concluída,2024-01-16 19:09:00,19.15,269,Sim,Linha 200,2024-01
CH00194,2023-09-13 00:00:00,Computador Bordo CB-100,Desgaste Mecânico,Crítica,Pedro Oliveira,Concluída,2023-09-13 00:59:00,0.98,1156,Não,Linha 400,2023-09
CH00195,2024-04-01 00:00:00,Computador Bordo CB-100,Falha Elétrica,Baixa,Pedro Oliveira,Concluída,2024-04-01 22:38:00,22.63,173,Sim,Linha 200,2024-04
CH00196,2024-03-31 00:00:00,Validador VA-2000,Erro de Comunicação,Baixa,Ana Costa,Concluída,2024-03-31 13:59:00,13.98,181,Não,Linha 100,2024-03
CH00197,2023-06-28 00:00:00,Computador Bordo CB-100,Defeito de Software,Alta,Pedro Oliveira,Concluída,2023-06-28 05:05:00,5.08,680,Não,Linha 100,2023-06
CH00198,2023-01-27 00:00:00,Validador VA-3000,Conectividade,Média,Maria Santos,Concluída,2023-01-27 16:19:00,16.32,391,Sim,Linha 300,2023-01
CH00199,2023-03-09 00:00:00,Catraca CT-700,Conectividade,Média,Mário Inácio,Concluída,2023-03-09 14:33:00,14.55,351,Sim,Linha 500,2023-03
CH00200,2023-05-09 00:00:00,Catraca CT-700,Conectividade,Crítica,Mário Inácio,Concluída,2023-05-09 01:51:00,1.85,1168,Sim,Linha 400,2023-05
CH00201,2023-07-06 00:00:00,Display Digital DD-50,Defeito de Software,Alta,Maria Santos,Pendente,,,583,Sim,Linha 500,2023-07
CH00202,2023-11-08 00:00:00,Antena GPS AG-20,Falha de Leitura,Baixa,Mário Inácio,Concluída,2023-11-08 19:14:00,19.23,141,Não,Linha 200,2023-11
CH00203,2023-07-21 00:00:00,Catraca CT-500,Defeito de Software,Alta,João Silva,Concluída,2023-07-21 07:25:00,7.42,691,Não,Linha 200,2023-07
CH00204,2023-06-07 00:00:00,Display Digital DD-50,Desgaste Mecânico,Baixa,Mário Inácio,Concluída,2023-06-07 19:41:00,19.68,186,Sim,Linha 100,2023-06
CH00205,2023-09-29 00:00:00,Antena GPS AG-20,Conectividade,Baixa,João Silva,Concluída,2023-09-29 22:23:00,22.38,246,Sim,Linha 500,2023-09
CH00206,2023-11-06 00:00:00,Display Digital DD-50,Falha de Leitura,Crítica,Mário Inácio,Concluída,2023-11-06 02:33:00,2.55,1212,Sim,Linha 300,2023-11
CH00207,2024-03-01 00:00:00,Catraca CT-700,Falha de Leitura,Baixa,Maria Santos,Concluída,2024-03-02 17:03:00,41.05,218,Não,Linha 300,2024-03
CH00208,2024-02-13 00:00:00,Computador Bordo CB-100,Erro de Comunicação,Alta,Pedro Oliveira,Concluída,2024-02-13 03:06:00,3.1,644,Sim,Linha 500,2024-02
CH00209,2023-10-01 00:00:00,Validador VA-2000,Desgaste Mecânico,Média,Ana Costa,Concluída,2023-10-01 19:20:00,19.33,313,Não,Linha 100,2023-10
CH00210,2023-09-12 00:00:00,Validador VA-2000,Desgaste Mecânico,Crítica,Mário Inácio,Concluída,2023-09-12 01:10:00,1.17,1233,Sim,Linha 300,2023-09
CH00211,2024-04-23 00:00:00,Validador VA-3000,Conectividade,Média,Ana Costa,Pendente,,,377,Não,Linha 400,2024-04
CH00212,2023-09-04 00:00:00,Validador VA-2000,Falha de Leitura,Crítica,Mário Inácio,Concluída,2023-09-04 01:25:00,1.42,1299,Não,Linha 100,2023-09
CH00213,2023-10-20 00:00:00,Validador VA-2000,Desgaste Mecânico,Crítica,Mário Inácio,Concluída,2023-10-20 02:47:00,2.78,1152,Sim,Linha 400,2023-10
CH00214,2023-02-16 00:00:00,Validador VA-3000,Desgaste Mecânico,Alta,Ana Costa,Concluída,2023-02-16 05:25:00,5.42,563,Sim,Linha 500,2023-02
CH00215,2024-05-31 00:00:00,Validador VA-3000,Desgaste Mecânico,Alta,João Silva,Concluída,2024-05-31 05:50:00,5.83,690,Não,Linha 500,2024-05
CH00216,2024-02-08 00:00:00,Display Digital DD-50,Defeito de Software,Baixa,Maria Santos,Concluída,2024-02-09 09:28:00,33.47,186,Sim,Linha 300,2024-02
CH00217,2024-02-16 00:00:00,Antena GPS AG-20,Erro de Comunicação,Média,Mário Inácio,Pendente,,,378,Sim,Linha 100,2024-02
CH00218,2024-04-12 00:00:00,Validador VA-2000,Erro de Comunicação,Alta,Ana Costa,Pendente,,,588,Sim,Linha 500,2024-04
CH00219,2023-11-03 00:00:00,Validador VA-3000,Desgaste Mecânico,Alta,Maria Santos,Concluída,2023-11-03 07:03:00,7.05,636,Sim,Linha 500,2023-11
CH00220,2024-01-13 00:00:00,Computador Bordo CB-100,Falha Elétrica,Alta,Ana Costa,Concluída,2024-01-13 04:49:00,4.82,578,Sim,Linha 500,2024-01
CH00221,2023-09-29 00:00:00,Catraca CT-500,Conectividade,Baixa,Mário Inácio,Concluída,2023-09-30 23:29:00,47.48,247,Não,Linha 100,2023-09
CH00222,2024-01-25 00:00:00,Computador Bordo CB-100,Falha Elétrica,Média,Mário Inácio,Pendente,,,287,Não,Linha 100,2024-01
CH00223,2024-03-27 00:00:00,Computador Bordo CB-100,Sensor Danificado,Baixa,Maria Santos,Concluída,2024-03-28 05:24:00,29.4,207,Não,Linha 400,2024-03
CH00224,2024-04-27 00:00:00,Display Digital DD-50,Erro de Comunicação,Crítica,Mário Inácio,Pendente,,,1165,Não,Linha 500,2024-04
CH00225,2024-01-21 00:00:00,Validador VA-3000,Defeito de Software,Alta,Ana Costa,Pendente,,,630,Não,Linha 400,2024-01
CH00226,2024-05-10 00:00:00,Computador Bordo CB-100,Desgaste Mecânico,Alta,Pedro Oliveira,Pendente,,,599,Não,Linha 300,2024-05
CH00227,2023-08-01 00:00:00,Computador Bordo CB-100,Desgaste Mecânico,Média,Pedro Oliveira,Concluída,2023-08-01 20:41:00,20.68,331,Sim,Linha 300,2023-08
CH00228,2024-01-24 00:00:00,Computador Bordo CB-100,Conectividade,Alta,Pedro Oliveira,Concluída,2024-01-24 05:22:00,5.37,638,Não,Linha 300,2024-01
CH00229,2023-09-20 00:00:00,Validador VA-2000,Desgaste Mecânico,Baixa,Pedro Oliveira,Concluída,2023-09-21 16:42:00,40.7,154,Não,Linha 500,2023-09
CH00230,2023-09-03 00:00:00,Catraca CT-500,Defeito de Software,Alta,Maria Santos,Concluída,2023-09-03 04:04:00,4.07,562,Sim,Linha 200,2023-09
CH00231,2023-12-05 00:00:00,Display Digital DD-50,Erro de Comunicação,Baixa,João Silva,Concluída,2023-12-06 16:14:00,40.23,125,Não,Linha 100,2023-12
CH00232,2023-07-24 00:00:00,Computador Bordo CB-100,Erro de Comunicação,Crítica,Ana Costa,Concluída,2023-07-24 01:43:00,1.72,1232,Não,Linha 100,2023-07
CH00233,2023-06-29 00:00:00,Antena GPS AG-20,Falha de Leitura,Média,Mário Inácio,Concluída,2023-06-29 18:15:00,18.25,295,Sim,Linha 400,2023-06
CH00234,2023-01-10 00:00:00,Antena GPS AG-20,Falha Elétrica,Média,Pedro Oliveira,Concluída,2023-01-10 14:11:00,14.18,395,Sim,Linha 100,2023-01
CH00235,2024-05-20 00:00:00,Catraca CT-500,Desgaste Mecânico,Crítica,Mário Inácio,Pendente,,,1184,Sim,Linha 400,2024-05
CH00236,2024-04-14 00:00:00,Catraca CT-500,Erro de Comunicação,Baixa,Pedro Oliveira,Concluída,2024-04-15 01:33:00,25.55,147,Sim,Linha 300,2024-04
CH00237,2024-02-20 00:00:00,Antena GPS AG-20,Desgaste Mecânico,Média,Maria Santos,Pendente,,,359,Sim,Linha 300,2024-02
CH00238,2024-05-03 00:00:00,Validador VA-2000,Falha Elétrica,Baixa,Maria Santos,Concluída,2024-05-04 06:05:00,30.08,163,Sim,Linha 300,2024-05
CH00239,2023-11-06 00:00:00,Catraca CT-700,Erro de Comunicação,Crítica,Pedro Oliveira,Concluída,2023-11-06 02:59:00,2.98,1296,Sim,Linha 300,2023-11
CH00240,2024-04-21 00:00:00,Display Digital DD-50,Desgaste Mecânico,Média,João Silva,Concluída,2024-04-21 14:28:00,14.47,290,Sim,Linha 500,2024-04
CH00241,2024-01-12 00:00:00,Display Digital DD-50,Conectividade,Alta,João Silva,Concluída,2024-01-12 07:14:00,7.23,606,Não,Linha 200,2024-01
CH00242,2024-03-01 00:00:00,Catraca CT-700,Erro de Comunicação,Crítica,Mário Inácio,Concluída,2024-03-01 02:50:00,2.83,1270,Sim,Linha 200,2024-03
CH00243,2024-06-24 00:00:00,Antena GPS AG-20,Erro de Comunicação,Baixa,Mário Inácio,Concluída,2024-06-25 08:41:00,32.68,119,Sim,Linha 100,2024-06
CH00244,2023-06-03 00:00:00,Validador VA-2000,Conectividade,Média,Mário Inácio,Pendente,,,292,Não,Linha 500,2023-06
CH00245,2023-04-04 00:00:00,Catraca CT-700,Falha de Leitura,Média,Mário Inácio,Concluída,2023-04-04 21:25:00,21.42,364,Sim,Linha 400,2023-04
CH00246,2023-03-01 00:00:00,Validador VA-3000,Defeito de Software,Crítica,Ana Costa,Pendente,,,1293,Sim,Linha 300,2023-03
CH00247,2023-08-12 00:00:00,Display Digital DD-50,Falha de Leitura,Crítica,Pedro Oliveira,Concluída,2023-08-12 02:58:00,2.97,1168,Sim,Linha 400,2023-08
CH00248,2023-03-12 00:00:00,Catraca CT-500,Sensor Danificado,Baixa,Mário Inácio,Concluída,2023-03-13 16:13:00,40.22,108,Não,Linha 400,2023-03
CH00249,2024-01-27 00:00:00,Validador VA-3000,Conectividade,Média,Ana Costa,Concluída,2024-01-27 19:18:00,19.3,346,Sim,Linha 100,2024-01
CH00250,2023-07-02 00:00:00,Display Digital DD-50,Sensor Danificado,Média,Pedro Oliveira,Concluída,2023-07-02 22:20:00,22.33,350,Sim,Linha 200,2023-07
CH00251,2024-04-19 00:00:00,Display Digital DD-50,Erro de Comunicação,Baixa,João Silva,Concluída,2024-04-20 21:10:00,45.17,208,Sim,Linha 400,2024-04
CH00252,2023-06-08 00:00:00,Antena GPS AG-20,Erro de Comunicação,Média,Ana Costa,Concluída,2023-06-08 13:24:00,13.4,298,Sim,Linha 100,2023-06
CH00253,2023-09-04 00:00:00,Antena GPS AG-20,Sensor Danificado,Crítica,Mário Inácio,Concluída,2023-09-04 01:22:00,1.37,1167,Sim,Linha 500,2023-09
CH00254,2024-02-16 00:00:00,Validador VA-2000,Falha Elétrica,Baixa,Maria Santos,Concluída,2024-02-17 13:57:00,37.95,159,Sim,Linha 200,2024-02
CH00255,2023-10-24 00:00:00,Antena GPS AG-20,Conectividade,Baixa,Maria Santos,Pendente,,,159,Sim,Linha 300,2023-10
CH00256,2023-05-27 00:00:00,Computador Bordo CB-100,Defeito de Software,Alta,Maria Santos,Concluída,2023-05-27 07:38:00,7.63,683,Não,Linha 400,2023-05
CH00257,2023-06-29 00:00:00,Catraca CT-500,Desgaste Mecânico,Baixa,Mário Inácio,Pendente,,,209,Sim,Linha 400,2023-06
CH00258,2024-03-02 00:00:00,Validador VA-2000,Desgaste Mecânico,Crítica,Mário Inácio,Concluída,2024-03-02 02:14:00,2.23,1188,Não,Linha 400,2024-03
CH00259,2023-11-04 00:00:00,Validador VA-3000,Conectividade,Crítica,Maria Santos,Concluída,2023-11-04 01:06:00,1.1,1268,Sim,Linha 500,2023-11
CH00260,2023-09-19 00:00:00,Catraca CT-700,Falha Elétrica,Média,Ana Costa,Concluída,2023-09-19 10:56:00,10.93,334,Sim,Linha 400,2023-09
CH00261,2023-02-22 00:00:00,Antena GPS AG-20,Desgaste Mecânico,Baixa,Mário Inácio,Concluída,2023-02-23 02:19:00,26.32,196,Sim,Linha 500,2023-02
CH00262,2023-08-11 00:00:00,Validador VA-2000,Conectividade,Baixa,Maria Santos,Pendente,,,222,Não,Linha 300,2023-08
CH00263,2024-05-05 00:00:00,Catraca CT-500,Falha de Leitura,Média,Maria Santos,Concluída,2024-05-05 12:16:00,12.27,302,Sim,Linha 200,2024-05
CH00264,2024-06-30 00:00:00,Computador Bordo CB-100,Desgaste Mecânico,Alta,Ana Costa,Concluída,2024-06-30 07:32:00,7.53,641,Não,Linha 300,2024-06
CH00265,2024-04-25 00:00:00,Catraca CT-500,Defeito de Software,Crítica,Ana Costa,Concluída,2024-04-25 01:51:00,1.85,1202,Não,Linha 300,2024-04
CH00266,2023-09-25 00:00:00,Catraca CT-700,Falha de Leitura,Média,Maria Santos,Concluída,2023-09-25 22:53:00,22.88,399,Sim,Linha 400,2023-09
CH00267,2024-01-24 00:00:00,Catraca CT-500,Erro de Comunicação,Média,Pedro Oliveira,Concluída,2024-01-24 23:26:00,23.43,312,Sim,Linha 500,2024-01
CH00268,2024-05-17 00:00:00,Display Digital DD-50,Sensor Danificado,Alta,Pedro Oliveira,Concluída,2024-05-17 05:55:00,5.92,593,Não,Linha 200,2024-05
CH00269,2023-03-02 00:00:00,Validador VA-3000,Sensor Danificado,Crítica,Maria Santos,Pendente,,,1284,Sim,Linha 100,2023-03
CH00270,2023-05-21 00:00:00,Antena GPS AG-20,Sensor Danificado,Baixa,João Silva,Concluída,2023-05-21 23:47:00,23.78,117,Não,Linha 100,2023-05
CH00271,2024-05-09 00:00:00,Validador VA-3000,Defeito de Software,Crítica,Pedro Oliveira,Concluída,2024-05-09 02:34:00,2.57,1154,Sim,Linha 500,2024-05
CH00272,2023-10-09 00:00:00,Computador Bordo CB-100,Falha Elétrica,Baixa,João Silva,Pendente,,,237,Não,Linha 100,2023-10
CH00273,2023-04-09 00:00:00,Computador Bordo CB-100,Conectividade,Crítica,Maria Santos,Concluída,2023-04-09 02:44:00,2.73,1188,Não,Linha 200,2023-04
CH00274,2024-02-11 00:00:00,Computador Bordo CB-100,Defeito de Software,Alta,Pedro Oliveira,Concluída,2024-02-11 02:40:00,2.67,645,Sim,Linha 400,2024-02
CH00275,2023-02-02 00:00:00,Computador Bordo CB-100,Erro de Comunicação,Média,Pedro Oliveira,Concluída,2023-02-02 07:11:00,7.18,353,Sim,Linha 400,2023-02
CH00276,2023-03-26 00:00:00,Computador Bordo CB-100,Falha Elétrica,Baixa,João Silva,Concluída,2023-03-27 18:07:00,42.12,211,Não,Linha 500,2023-03
CH00277,2024-05-01 00:00:00,Antena GPS AG-20,Falha de Leitura,Baixa,Maria Santos,Concluída,2024-05-02 02:30:00,26.5,111,Sim,Linha 300,2024-05
CH00278,2023-01-17 00:00:00,Computador Bordo CB-100,Defeito de Software,Baixa,Maria Santos,Concluída,2023-01-17 22:08:00,22.13,250,Não,Linha 400,2023-01
CH00279,2024-02-03 00:00:00,Validador VA-2000,Desgaste Mecânico,Média,Mário Inácio,Concluída,2024-02-03 22:27:00,22.45,334,Sim,Linha 200,2024-02
CH00280,2023-02-24 00:00:00,Antena GPS AG-20,Sensor Danificado,Baixa,Mário Inácio,Concluída,2023-02-24 14:40:00,14.67,211,Não,Linha 100,2023-02
CH00281,2023-10-07 00:00:00,Catraca CT-500,Defeito de Software,Crítica,Pedro Oliveira,Concluída,2023-10-07 02:25:00,2.42,1275,Não,Linha 300,2023-10
CH00282,2024-01-25 00:00:00,Computador Bordo CB-100,Falha Elétrica,Crítica,Maria Santos,Pendente,,,1171,Sim,Linha 300,2024-01
CH00283,2023-06-07 00:00:00,Antena GPS AG-20,Erro de Comunicação,Baixa,João Silva,Concluída,2023-06-08 09:56:00,33.93,139,Sim,Linha 300,2023-06
CH00284,2024-03-31 00:00:00,Catraca CT-500,Falha de Leitura,Baixa,João Silva,Concluída,2024-04-01 08:34:00,32.57,169,Sim,Linha 200,2024-03
CH00285,2024-06-08 00:00:00,Validador VA-2000,Erro de Comunicação,Crítica,Ana Costa,Pendente,,,1254,Sim,Linha 100,2024-06
CH00286,2023-11-29 00:00:00,Validador VA-2000,Desgaste Mecânico,Baixa,Mário Inácio,Pendente,,,198,Sim,Linha 300,2023-11
CH00287,2024-06-17 00:00:00,Catraca CT-700,Falha Elétrica,Baixa,Mário Inácio,Concluída,2024-06-17 19:34:00,19.57,197,Não,Linha 200,2024-06
CH00288,2023-03-06 00:00:00,Catraca CT-500,Desgaste Mecânico,Alta,Ana Costa,Concluída,2023-03-06 03:25:00,3.42,661,Não,Linha 400,2023-03
CH00289,2023-09-10 00:00:00,Catraca CT-500,Falha Elétrica,Baixa,Pedro Oliveira,Concluída,2023-09-11 17:50:00,41.83,150,Sim,Linha 100,2023-09
CH00290,2024-01-25 00:00:00,Validador VA-3000,Desgaste Mecânico,Baixa,Ana Costa,Concluída,2024-01-26 06:29:00,30.48,212,Não,Linha 400,2024-01
CH00291,2023-07-25 00:00:00,Antena GPS AG-20,Conectividade,Média,Pedro Oliveira,Concluída,2023-07-25 20:21:00,20.35,330,Não,Linha 400,2023-07
CH00292,2023-11-30 00:00:00,Catraca CT-500,Desgaste Mecânico,Crítica,Mário Inácio,Concluída,2023-11-30 02:06:00,2.1,1221,Sim,Linha 300,2023-11
CH00293,2023-07-04 00:00:00,Validador VA-2000,Defeito de Software,Média,Mário Inácio,Pendente,,,390,Sim,Linha 400,2023-07
CH00294,2024-02-23 00:00:00,Display Digital DD-50,Erro de Comunicação,Crítica,Pedro Oliveira,Concluída,2024-02-23 02:37:00,2.62,1185,Não,Linha 200,2024-02
CH00295,2023-03-17 00:00:00,Catraca CT-500,Sensor Danificado,Média,Ana Costa,Concluída,2023-03-17 19:19:00,19.32,372,Sim,Linha 400,2023-03
CH00296,2024-01-04 00:00:00,Computador Bordo CB-100,Defeito de Software,Crítica,Mário Inácio,Concluída,2024-01-04 02:47:00,2.78,1171,Sim,Linha 200,2024-01
CH00297,2023-02-15 00:00:00,Display Digital DD-50,Sensor Danificado,Alta,Maria Santos,Pendente,,,694,Sim,Linha 300,2023-02
CH00298,2023-09-22 00:00:00,Antena GPS AG-20,Falha Elétrica,Baixa,João Silva,Concluída,2023-09-22 23:09:00,23.15,230,Sim,Linha 500,2023-09
CH00299,2024-02-05 00:00:00,Computador Bordo CB-100,Sensor Danificado,Média,Ana Costa,Concluída,2024-02-05 19:48:00,19.8,400,Sim,Linha 200,2024-02
CH00300,2024-03-01 00:00:00,Catraca CT-500,Falha de Leitura,Crítica,João Silva,Concluída,2024-03-01 00:51:00,0.85,1179,Não,Linha 300,2024-03
CH00301,2024-05-09 00:00:00,Catraca CT-500,Desgaste Mecânico,Crítica,Maria Santos,Pendente,,,1239,Sim,Linha 100,2024-05
CH00302,2023-11-04 00:00:00,Catraca CT-700,Sensor Danificado,Crítica,Pedro Oliveira,Concluída,2023-11-04 00:41:00,0.68,1179,Sim,Linha 300,2023-11
CH00303,2023-06-28 00:00:00,Display Digital DD-50,Falha de Leitura,Média,Maria Santos,Pendente,,,391,Não,Linha 300,2023-06
CH00304,2023-07-08 00:00:00,Computador Bordo CB-100,Falha Elétrica,Crítica,Maria Santos,Concluída,2023-07-08 01:17:00,1.28,1260,Sim,Linha 100,2023-07
CH00305,2024-03-15 00:00:00,Display Digital DD-50,Defeito de Software,Média,Ana Costa,Pendente,,,349,Sim,Linha 200,2024-03
CH00306,2023-07-11 00:00:00,Validador VA-3000,Desgaste Mecânico,Baixa,Mário Inácio,Concluída,2023-07-12 08:58:00,32.97,183,Não,Linha 400,2023-07
CH00307,2024-02-02 00:00:00,Validador VA-2000,Desgaste Mecânico,Crítica,Mário Inácio,Concluída,2024-02-02 02:10:00,2.17,1300,Sim,Linha 300,2024-02
CH00308,2023-11-01 00:00:00,Catraca CT-500,Conectividade,Crítica,Mário Inácio,Concluída,2023-11-01 00:51:00,0.85,1184,Não,Linha 100,2023-11
CH00309,2023-05-25 00:00:00,Validador VA-3000,Desgaste Mecânico,Baixa,Maria Santos,Concluída,2023-05-26 18:52:00,42.87,199,Sim,Linha 500,2023-05
CH00310,2024-05-13 00:00:00,Validador VA-3000,Defeito de Software,Crítica,Ana Costa,Concluída,2024-05-13 02:47:00,2.78,1194,Sim,Linha 200,2024-05
CH00311,2024-04-06 00:00:00,Catraca CT-700,Desgaste Mecânico,Média,Maria Santos,Concluída,2024-04-06 05:49:00,5.82,341,Sim,Linha 400,2024-04
CH00312,2024-05-21 00:00:00,Validador VA-3000,Erro de Comunicação,Crítica,Mário Inácio,Pendente,,,1254,Sim,Linha 400,2024-05
CH00313,2023-03-26 00:00:00,Display Digital DD-50,Conectividade,Crítica,Ana Costa,Concluída,2023-03-26 02:54:00,2.9,1157,Não,Linha 300,2023-03
CH00314,2023-06-22 00:00:00,Validador VA-2000,Desgaste Mecânico,Média,Mário Inácio,Concluída,2023-06-22 19:36:00,19.6,394,Sim,Linha 500,2023-06
CH00315,2024-01-11 00:00:00,Computador Bordo CB-100,Falha de Leitura,Baixa,Pedro Oliveira,Pendente,,,238,Sim,Linha 400,2024-01
CH00316,2023-11-01 00:00:00,Computador Bordo CB-100,Erro de Comunicação,Crítica,João Silva,Concluída,2023-11-01 00:38:00,0.63,1265,Não,Linha 300,2023-11
CH00317,2023-08-31 00:00:00,Antena GPS AG-20,Conectividade,Baixa,Ana Costa,Concluída,2023-08-31 22:19:00,22.32,250,Não,Linha 500,2023-08
CH00318,2023-07-31 00:00:00,Display Digital DD-50,Falha Elétrica,Média,Mário Inácio,Concluída,2023-07-31 11:03:00,11.05,265,Sim,Linha 300,2023-07
CH00319,2023-10-24 00:00:00,Computador Bordo CB-100,Desgaste Mecânico,Média,Pedro Oliveira,Concluída,2023-10-24 23:32:00,23.53,318,Sim,Linha 100,2023-10
CH00320,2023-05-10 00:00:00,Validador VA-3000,Conectividade,Crítica,João Silva,Concluída,2023-05-10 01:03:00,1.05,1213,Não,Linha 300,2023-05
CH00321,2023-10-03 00:00:00,Antena GPS AG-20,Erro de Comunicação,Crítica,Ana Costa,Concluída,2023-10-03 02:16:00,2.27,1246,Sim,Linha 100,2023-10
CH00322,2023-10-12 00:00:00,Display Digital DD-50,Conectividade,Baixa,Ana Costa,Pendente,,,194,Sim,Linha 400,2023-10
CH00323,2024-01-02 00:00:00,Catraca CT-500,Defeito de Software,Baixa,João Silva,Concluída,2024-01-02 12:19:00,12.32,236,Sim,Linha 200,2024-01
CH00324,2023-11-27 00:00:00,Catraca CT-700,Conectividade,Média,Ana Costa,Concluída,2023-11-27 13:40:00,13.67,336,Sim,Linha 500,2023-11
CH00325,2023-02-17 00:00:00,Validador VA-3000,Defeito de Software,Crítica,Pedro Oliveira,Concluída,2023-02-17 00:55:00,0.92,1267,Sim,Linha 100,2023-02
CH00326,2024-03-14 00:00:00,Antena GPS AG-20,Erro de Comunicação,Crítica,Ana Costa,Concluída,2024-03-14 01:21:00,1.35,1183,Não,Linha 200,2024-03
CH00327,2023-03-26 00:00:00,Antena GPS AG-20,Desgaste Mecânico,Baixa,Pedro Oliveira,Concluída,2023-03-27 09:23:00,33.38,142,Sim,Linha 400,2023-03
CH00328,2023-04-08 00:00:00,Display Digital DD-50,Desgaste Mecânico,Média,Ana Costa,Concluída,2023-04-08 04:02:00,4.03,304,Sim,Linha 100,2023-04
CH00329,2023-01-10 00:00:00,Validador VA-3000,Defeito de Software,Média,Mário Inácio,Concluída,2023-01-10 04:16:00,4.27,337,Sim,Linha 400,2023-01
CH00330,2024-01-28 00:00:00,Display Digital DD-50,Erro de Comunicação,Crítica,João Silva,Concluída,2024-01-28 00:52:00,0.87,1176,Sim,Linha 300,2024-01
CH00331,2023-05-27 00:00:00,Catraca CT-500,Desgaste Mecânico,Média,Ana Costa,Concluída,2023-05-27 06:20:00,6.33,385,Sim,Linha 100,2023-05
CH00332,2023-08-07 00:00:00,Computador Bordo CB-100,Sensor Danificado,Média,Ana Costa,Concluída,2023-08-07 09:10:00,9.17,355,Sim,Linha 400,2023-08
CH00333,2023-05-07 00:00:00,Antena GPS AG-20,Erro de Comunicação,Baixa,João Silva,Concluída,2023-05-08 10:12:00,34.2,189,Sim,Linha 300,2023-05
CH00334,2023-09-12 00:00:00,Antena GPS AG-20,Erro de Comunicação,Média,Pedro Oliveira,Concluída,2023-09-12 22:53:00,22.88,322,Sim,Linha 300,2023-09
CH00335,2023-02-25 00:00:00,Validador VA-3000,Defeito de Software,Média,Ana Costa,Concluída,2023-02-25 12:10:00,12.17,376,Sim,Linha 100,2023-02
CH00336,2024-01-05 00:00:00,Validador VA-3000,Falha Elétrica,Baixa,Mário Inácio,Concluída,2024-01-06 05:36:00,29.6,133,Sim,Linha 500,2024-01
CH00337,2023-01-18 00:00:00,Catraca CT-700,Desgaste Mecânico,Média,Ana Costa,Concluída,2023-01-18 06:18:00,6.3,253,Não,Linha 200,2023-01
CH00338,2024-05-28 00:00:00,Validador VA-2000,Falha de Leitura,Crítica,Mário Inácio,Concluída,2024-05-28 02:16:00,2.27,1258,Sim,Linha 100,2024-05
CH00339,2023-11-14 00:00:00,Display Digital DD-50,Defeito de Software,Média,Pedro Oliveira,Concluída,2023-11-14 06:41:00,6.68,380,Não,Linha 200,2023-11
CH00340,2023-11-14 00:00:00,Computador Bordo CB-100,Desgaste Mecânico,Crítica,Mário Inácio,Concluída,2023-11-14 02:21:00,2.35,1211,Sim,Linha 200,2023-11
CH00341,2023-02-26 00:00:00,Validador VA-2000,Falha Elétrica,Baixa,Ana Costa,Pendente,,,179,Não,Linha 100,2023-02
CH00342,2024-05-23 00:00:00,Validador VA-2000,Sensor Danificado,Média,João Silva,Concluída,2024-05-23 15:50:00,15.83,383,Sim,Linha 300,2024-05
CH00343,2023-01-31 00:00:00,Validador VA-3000,Desgaste Mecânico,Média,Pedro Oliveira,Concluída,2023-01-31 15:26:00,15.43,359,Não,Linha 500,2023-01
CH00344,2024-06-07 00:00:00,Validador VA-2000,Desgaste Mecânico,Baixa,Ana Costa,Concluída,2024-06-08 08:35:00,32.58,114,Sim,Linha 500,2024-06
CH00345,2023-04-29 00:00:00,Validador VA-3000,Desgaste Mecânico,Média,Pedro Oliveira,Concluída,2023-04-29 11:47:00,11.78,380,Sim,Linha 100,2023-04
CH00346,2024-04-28 00:00:00,Antena GPS AG-20,Conectividade,Baixa,Maria Santos,Concluída,2024-04-29 08:50:00,32.83,198,Não,Linha 200,2024-04
CH00347,2023-09-12 00:00:00,Antena GPS AG-20,Falha de Leitura,Crítica,Maria Santos,Concluída,2023-09-12 02:16:00,2.27,1231,Não,Linha 100,2023-09
CH00348,2023-07-03 00:00:00,Computador Bordo CB-100,Desgaste Mecânico,Baixa,Mário Inácio,Concluída,2023-07-03 23:14:00,23.23,232,Sim,Linha 400,2023-07
CH00349,2023-03-30 00:00:00,Validador VA-2000,Falha Elétrica,Alta,Pedro Oliveira,Concluída,2023-03-30 06:43:00,6.72,666,Sim,Linha 300,2023-03
CH00350,2024-04-20 00:00:00,Validador VA-3000,Desgaste Mecânico,Alta,Mário Inácio,Concluída,2024-04-20 05:08:00,5.13,676,Não,Linha 500,2024-04
CH00351,2024-02-24 00:00:00,Antena GPS AG-20,Conectividade,Média,Maria Santos,Concluída,2024-02-24 04:48:00,4.8,309,Sim,Linha 300,2024-02
CH00352,2024-01-21 00:00:00,Display Digital DD-50,Conectividade,Baixa,Pedro Oliveira,Concluída,2024-01-22 04:59:00,28.98,126,Não,Linha 500,2024-01
CH00353,2023-10-14 00:00:00,Validador VA-3000,Falha Elétrica,Crítica,João Silva,Concluída,2023-10-14 00:53:00,0.88,1161,Não,Linha 500,2023-10
CH00354,2023-04-08 00:00:00,Catraca CT-700,Sensor Danificado,Alta,Ana Costa,Concluída,2023-04-08 06:18:00,6.3,584,Sim,Linha 100,2023-04
CH00355,2023-08-31 00:00:00,Computador Bordo CB-100,Defeito de Software,Baixa,Ana Costa,Concluída,2023-09-01 03:54:00,27.9,166,Não,Linha 400,2023-08
CH00356,2023-10-06 00:00:00,Display Digital DD-50,Conectividade,Alta,Pedro Oliveira,Concluída,2023-10-06 03:59:00,3.98,569,Não,Linha 200,2023-10
CH00357,2023-06-18 00:00:00,Antena GPS AG-20,Conectividade,Baixa,Maria Santos,Concluída,2023-06-19 14:41:00,38.68,219,Não,Linha 400,2023-06
CH00358,2023-11-12 00:00:00,Validador VA-2000,Defeito de Software,Alta,Maria Santos,Concluída,2023-11-12 05:57:00,5.95,617,Sim,Linha 100,2023-11
CH00359,2023-08-09 00:00:00,Validador VA-3000,Conectividade,Alta,Mário Inácio,Concluída,2023-08-09 04:47:00,4.78,587,Sim,Linha 200,2023-08
CH00360,2023-06-28 00:00:00,Catraca CT-500,Falha Elétrica,Baixa,Pedro Oliveira,Concluída,2023-06-28 10:07:00,10.12,203,Sim,Linha 500,2023-06
CH00361,2023-04-15 00:00:00,Display Digital DD-50,Defeito de Software,Média,João Silva,Concluída,2023-04-15 08:46:00,8.77,281,Sim,Linha 100,2023-04
CH00362,2024-02-15 00:00:00,Antena GPS AG-20,Conectividade,Média,Maria Santos,Concluída,2024-02-15 16:42:00,16.7,271,Sim,Linha 500,2024-02
CH00363,2023-07-22 00:00:00,Catraca CT-500,Conectividade,Baixa,João Silva,Concluída,2023-07-23 14:16:00,38.27,132,Sim,Linha 300,2023-07
CH00364,2024-03-19 00:00:00,Validador VA-2000,Falha de Leitura,Crítica,João Silva,Concluída,2024-03-19 02:11:00,2.18,1277,Sim,Linha 400,2024-03
CH00365,2023-07-11 00:00:00,Display Digital DD-50,Falha Elétrica,Média,Pedro Oliveira,Concluída,2023-07-11 13:23:00,13.38,321,Sim,Linha 200,2023-07
CH00366,2024-02-26 00:00:00,Validador VA-2000,Defeito de Software,Média,Pedro Oliveira,Concluída,2024-02-26 22:47:00,22.78,372,Sim,Linha 100,2024-02
CH00367,2024-06-22 00:00:00,Catraca CT-500,Falha Elétrica,Média,Ana Costa,Concluída,2024-06-22 12:30:00,12.5,389,Sim,Linha 400,2024-06
CH00368,2024-05-11 00:00:00,Antena GPS AG-20,Sensor Danificado,Alta,Ana Costa,Pendente,,,638,Sim,Linha 500,2024-05
CH00369,2023-11-23 00:00:00,Catraca CT-500,Falha Elétrica,Alta,Maria Santos,Concluída,2023-11-23 07:05:00,7.08,606,Sim,Linha 300,2023-11
CH00370,2023-08-27 00:00:00,Validador VA-2000,Conectividade,Crítica,Mário Inácio,Concluída,2023-08-27 01:10:00,1.17,1175,Não,Linha 200,2023-08
CH00371,2024-02-02 00:00:00,Catraca CT-500,Defeito de Software,Baixa,Maria Santos,Pendente,,,190,Não,Linha 200,2024-02
CH00372,2023-01-29 00:00:00,Validador VA-3000,Defeito de Software,Alta,Pedro Oliveira,Pendente,,,640,Sim,Linha 500,2023-01
CH00373,2023-11-13 00:00:00,Validador VA-3000,Defeito de Software,Média,Ana Costa,Pendente,,,294,Sim,Linha 100,2023-11
CH00374,2023-01-21 00:00:00,Validador VA-2000,Falha de Leitura,Média,Mário Inácio,Concluída,2023-01-21 21:58:00,21.97,372,Sim,Linha 300,2023-01
CH00375,2023-11-28 00:00:00,Computador Bordo CB-100,Erro de Comunicação,Média,Pedro Oliveira,Concluída,2023-11-28 06:01:00,6.02,255,Não,Linha 500,2023-11
CH00376,2023-03-16 00:00:00,Display Digital DD-50,Erro de Comunicação,Baixa,Mário Inácio,Concluída,2023-03-17 09:30:00,33.5,201,Sim,Linha 100,2023-03
CH00377,2024-03-23 00:00:00,Catraca CT-500,Desgaste Mecânico,Alta,Maria Santos,Concluída,2024-03-23 07:27:00,7.45,674,Não,Linha 200,2024-03
CH00378,2023-06-29 00:00:00,Display Digital DD-50,Defeito de Software,Alta,Maria Santos,Pendente,,,646,Não,Linha 300,2023-06
CH00379,2023-02-03 00:00:00,Validador VA-3000,Erro de Comunicação,Baixa,Mário Inácio,Concluída,2023-02-03 20:25:00,20.42,181,Sim,Linha 200,2023-02
CH00380,2023-12-06 00:00:00,Display Digital DD-50,Defeito de Software,Baixa,Ana Costa,Concluída,2023-12-06 13:18:00,13.3,160,Não,Linha 300,2023-12
CH00381,2023-01-12 00:00:00,Validador VA-3000,Sensor Danificado,Baixa,Pedro Oliveira,Concluída,2023-01-13 02:06:00,26.1,153,Não,Linha 100,2023-01
CH00382,2024-01-31 00:00:00,Catraca CT-500,Desgaste Mecânico,Baixa,João Silva,Concluída,2024-02-01 13:54:00,37.9,207,Não,Linha 400,2024-01
CH00383,2023-04-14 00:00:00,Catraca CT-700,Falha Elétrica,Alta,Mário Inácio,Concluída,2023-04-14 06:05:00,6.08,697,Não,Linha 200,2023-04
CH00384,2023-11-23 00:00:00,Catraca CT-700,Falha de Leitura,Baixa,Pedro Oliveira,Concluída,2023-11-24 01:49:00,25.82,126,Sim,Linha 300,2023-11
CH00385,2023-04-06 00:00:00,Validador VA-3000,Falha Elétrica,Média,João Silva,Pendente,,,336,Sim,Linha 500,2023-04
CH00386,2024-03-20 00:00:00,Catraca CT-700,Sensor Danificado,Baixa,Ana Costa,Concluída,2024-03-20 18:43:00,18.72,113,Sim,Linha 300,2024-03
CH00387,2023-09-29 00:00:00,Validador VA-3000,Erro de Comunicação,Crítica,Mário Inácio,Pendente,,,1222,Não,Linha 200,2023-09
CH00388,2024-05-17 00:00:00,Validador VA-2000,Falha de Leitura,Crítica,Mário Inácio,Pendente,,,1189,Sim,Linha 300,2024-05
CH00389,2024-05-06 00:00:00,Validador VA-2000,Falha Elétrica,Baixa,Pedro Oliveira,Pendente,,,151,Sim,Linha 100,2024-05
CH00390,2023-04-29 00:00:00,Validador VA-3000,Erro de Comunicação,Alta,João Silva,Concluída,2023-04-29 04:37:00,4.62,651,Sim,Linha 400,2023-04
CH00391,2023-07-09 00:00:00,Display Digital DD-50,Desgaste Mecânico,Baixa,Mário Inácio,Concluída,2023-07-10 09:19:00,33.32,197,Não,Linha 200,2023-07
CH00392,2023-09-27 00:00:00,Catraca CT-700,Falha de Leitura,Alta,Ana Costa,Concluída,2023-09-27 03:55:00,3.92,618,Sim,Linha 100,2023-09
CH00393,2024-02-28 00:00:00,Validador VA-3000,Conectividade,Baixa,João Silva,Concluída,2024-02-28 23:31:00,23.52,241,Sim,Linha 400,2024-02
CH00394,2023-08-30 00:00:00,Antena GPS AG-20,Defeito de Software,Crítica,Mário Inácio,Concluída,2023-08-30 02:31:00,2.52,1226,Sim,Linha 400,2023-08
CH00395,2024-06-13 00:00:00,Antena GPS AG-20,Sensor Danificado,Baixa,Mário Inácio,Pendente,,,246,Sim,Linha 200,2024-06
CH00396,2023-08-05 00:00:00,Validador VA-2000,Conectividade,Crítica,Maria Santos,Concluída,2023-08-05 01:19:00,1.32,1182,Sim,Linha 400,2023-08
CH00397,2023-09-22 00:00:00,Validador VA-2000,Sensor Danificado,Crítica,Maria Santos,Concluída,2023-09-22 01:51:00,1.85,1167,Sim,Linha 400,2023-09
CH00398,2024-04-14 00:00:00,Computador Bordo CB-100,Falha Elétrica,Alta,Pedro Oliveira,Pendente,,,553,Sim,Linha 500,2024-04
CH00399,2023-06-03 00:00:00,Computador Bordo CB-100,Conectividade,Crítica,João Silva,Concluída,2023-06-03 01:07:00,1.12,1295,Sim,Linha 500,2023-06
CH00400,2023-10-20 00:00:00,Antena GPS AG-20,Falha de Leitura,Baixa,Mário Inácio,Concluída,2023-10-21 20:33:00,44.55,188,Sim,Linha 300,2023-10
CH00401,2024-04-29 00:00:00,Catraca CT-700,Sensor Danificado,Crítica,Mário Inácio,Pendente,,,1159,Não,Linha 300,2024-04
CH00402,2023-12-06 00:00:00,Catraca CT-700,Erro de Comunicação,Crítica,João Silva,Concluída,2023-12-06 01:30:00,1.5,1162,Sim,Linha 300,2023-12
CH00403,2023-10-15 00:00:00,Catraca CT-500,Falha de Leitura,Alta,Pedro Oliveira,Concluída,2023-10-15 06:11:00,6.18,575,Não,Linha 200,2023-10
CH00404,2024-03-02 00:00:00,Catraca CT-500,Sensor Danificado,Crítica,Pedro Oliveira,Concluída,2024-03-02 00:52:00,0.87,1198,Sim,Linha 200,2024-03
CH00405,2023-02-27 00:00:00,Antena GPS AG-20,Falha Elétrica,Crítica,Mário Inácio,Concluída,2023-02-27 02:41:00,2.68,1190,Sim,Linha 300,2023-02
CH00406,2023-01-30 00:00:00,Display Digital DD-50,Defeito de Software,Crítica,Maria Santos,Pendente,,,1194,Não,Linha 200,2023-01
CH00407,2023-02-21 00:00:00,Antena GPS AG-20,Falha de Leitura,Média,João Silva,Concluída,2023-02-21 16:18:00,16.3,300,Não,Linha 300,2023-02
CH00408,2023-09-05 00:00:00,Antena GPS AG-20,Falha Elétrica,Crítica,João Silva,Concluída,2023-09-05 02:05:00,2.08,1275,Sim,Linha 400,2023-09
CH00409,2023-12-25 00:00:00,Validador VA-3000,Conectividade,Crítica,Mário Inácio,Pendente,,,1238,Não,Linha 300,2023-12
CH00410,2024-01-31 00:00:00,Display Digital DD-50,Conectividade,Baixa,Pedro Oliveira,Concluída,2024-01-31 11:23:00,11.38,141,Sim,Linha 200,2024-01
CH00411,2024-02-24 00:00:00,Antena GPS AG-20,Erro de Comunicação,Média,Maria Santos,Concluída,2024-02-24 21:31:00,21.52,255,Sim,Linha 400,2024-02
CH00412,2023-08-18 00:00:00,Validador VA-3000,Sensor Danificado,Média,Mário Inácio,Concluída,2023-08-18 12:36:00,12.6,328,Não,Linha 400,2023-08
CH00413,2023-08-12 00:00:00,Catraca CT-700,Conectividade,Alta,Ana Costa,Concluída,2023-08-12 05:58:00,5.97,627,Sim,Linha 500,2023-08
CH00414,2024-01-19 00:00:00,Catraca CT-700,Defeito de Software,Baixa,João Silva,Pendente,,,243,Sim,Linha 500,2024-01
CH00415,2023-12-11 00:00:00,Catraca CT-500,Desgaste Mecânico,Baixa,Ana Costa,Concluída,2023-12-12 02:52:00,26.87,183,Não,Linha 300,2023-12
CH00416,2024-06-13 00:00:00,Display Digital DD-50,Sensor Danificado,Alta,Maria Santos,Concluída,2024-06-13 04:03:00,4.05,564,Sim,Linha 400,2024-06
CH00417,2023-10-30 00:00:00,Display Digital DD-50,Desgaste Mecânico,Média,João Silva,Concluída,2023-10-30 12:51:00,12.85,357,Sim,Linha 400,2023-10
CH00418,2024-05-02 00:00:00,Display Digital DD-50,Falha de Leitura,Média,Pedro Oliveira,Concluída,2024-05-02 16:14:00,16.23,379,Não,Linha 200,2024-05
CH00419,2024-04-27 00:00:00,Antena GPS AG-20,Sensor Danificado,Média,Pedro Oliveira,Concluída,2024-04-27 08:22:00,8.37,316,Sim,Linha 200,2024-04
CH00420,2023-08-17 00:00:00,Display Digital DD-50,Desgaste Mecânico,Baixa,Maria Santos,Concluída,2023-08-18 04:57:00,28.95,207,Não,Linha 300,2023-08
CH00421,2024-04-26 00:00:00,Catraca CT-500,Defeito de Software,Alta,Ana Costa,Concluída,2024-04-26 02:27:00,2.45,699,Sim,Linha 500,2024-04
CH00422,2024-01-26 00:00:00,Validador VA-2000,Falha Elétrica,Média,Mário Inácio,Concluída,2024-01-26 22:05:00,22.08,326,Sim,Linha 100,2024-01
CH00423,2023-12-17 00:00:00,Antena GPS AG-20,Conectividade,Média,Maria Santos,Concluída,2023-12-17 17:58:00,17.97,395,Sim,Linha 200,2023-12
CH00424,2023-12-07 00:00:00,Catraca CT-500,Conectividade,Média,João Silva,Concluída,2023-12-07 10:02:00,10.03,330,Sim,Linha 100,2023-12
CH00425,2023-06-12 00:00:00,Catraca CT-700,Desgaste Mecânico,Média,Maria Santos,Pendente,,,375,Sim,Linha 200,2023-06
CH00426,2024-05-03 00:00:00,Computador Bordo CB-100,Falha Elétrica,Crítica,Ana Costa,Concluída,2024-05-03 02:08:00,2.13,1151,Sim,Linha 500,2024-05
CH00427,2024-06-27 00:00:00,Validador VA-3000,Sensor Danificado,Alta,João Silva,Concluída,2024-06-27 03:37:00,3.62,554,Sim,Linha 200,2024-06
CH00428,2023-04-16 00:00:00,Validador VA-3000,Sensor Danificado,Alta,Pedro Oliveira,Concluída,2023-04-16 05:16:00,5.27,678,Sim,Linha 300,2023-04
CH00429,2024-04-11 00:00:00,Validador VA-3000,Falha de Leitura,Baixa,Pedro Oliveira,Concluída,2024-04-12 19:31:00,43.52,234,Não,Linha 400,2024-04
CH00430,2023-07-12 00:00:00,Display Digital DD-50,Erro de Comunicação,Alta,Ana Costa,Concluída,2023-07-12 03:24:00,3.4,653,Sim,Linha 200,2023-07
CH00431,2024-05-31 00:00:00,Validador VA-3000,Sensor Danificado,Média,Maria Santos,Concluída,2024-05-31 09:46:00,9.77,281,Não,Linha 100,2024-05
CH00432,2023-02-19 00:00:00,Catraca CT-700,Sensor Danificado,Alta,Mário Inácio,Pendente,,,562,Sim,Linha 100,2023-02
CH00433,2024-01-25 00:00:00,Validador VA-2000,Sensor Danificado,Baixa,Ana Costa,Concluída,2024-01-25 16:26:00,16.43,240,Não,Linha 400,2024-01
CH00434,2024-03-06 00:00:00,Display Digital DD-50,Erro de Comunicação,Média,João Silva,Concluída,2024-03-06 07:26:00,7.43,383,Não,Linha 500,2024-03
CH00435,2024-06-07 00:00:00,Computador Bordo CB-100,Sensor Danificado,Média,Ana Costa,Concluída,2024-06-07 08:01:00,8.02,322,Sim,Linha 100,2024-06
CH00436,2023-07-26 00:00:00,Catraca CT-700,Erro de Comunicação,Média,Pedro Oliveira,Pendente,,,341,Sim,Linha 300,2023-07
CH00437,2023-12-05 00:00:00,Validador VA-3000,Falha de Leitura,Crítica,Maria Santos,Concluída,2023-12-05 01:30:00,1.5,1150,Sim,Linha 100,2023-12
CH00438,2024-06-07 00:00:00,Validador VA-2000,Conectividade,Crítica,Maria Santos,Concluída,2024-06-07 00:49:00,0.82,1175,Não,Linha 200,2024-06
CH00439,2023-04-13 00:00:00,Catraca CT-700,Desgaste Mecânico,Alta,Ana Costa,Concluída,2023-04-13 03:29:00,3.48,560,Não,Linha 300,2023-04
CH00440,2023-04-08 00:00:00,Antena GPS AG-20,Sensor Danificado,Alta,Ana Costa,Concluída,2023-04-08 02:23:00,2.38,552,Não,Linha 200,2023-04
CH00441,2023-04-06 00:00:00,Catraca CT-500,Desgaste Mecânico,Crítica,Mário Inácio,Concluída,2023-04-06 02:05:00,2.08,1237,Não,Linha 100,2023-04
CH00442,2024-05-04 00:00:00,Catraca CT-700,Falha Elétrica,Crítica,Pedro Oliveira,Concluída,2024-05-04 02:17:00,2.28,1192,Sim,Linha 200,2024-05
CH00443,2024-03-02 00:00:00,Display Digital DD-50,Sensor Danificado,Baixa,Maria Santos,Concluída,2024-03-03 16:57:00,40.95,245,Sim,Linha 200,2024-03
CH00444,2023-05-14 00:00:00,Computador Bordo CB-100,Falha Elétrica,Alta,Mário Inácio,Concluída,2023-05-14 06:07:00,6.12,674,Sim,Linha 400,2023-05
CH00445,2023-01-13 00:00:00,Catraca CT-700,Falha de Leitura,Baixa,Pedro Oliveira,Concluída,2023-01-14 19:49:00,43.82,247,Sim,Linha 200,2023-01
CH00446,2023-04-08 00:00:00,Display Digital DD-50,Conectividade,Alta,Mário Inácio,Pendente,,,660,Não,Linha 400,2023-04
CH00447,2023-02-25 00:00:00,Catraca CT-500,Sensor Danificado,Crítica,Maria Santos,Pendente,,,1152,Não,Linha 500,2023-02
CH00448,2024-05-18 00:00:00,Antena GPS AG-20,Falha Elétrica,Crítica,Maria Santos,Concluída,2024-05-18 01:52:00,1.87,1211,Não,Linha 300,2024-05
CH00449,2024-02-17 00:00:00,Validador VA-2000,Defeito de Software,Média,Mário Inácio,Concluída,2024-02-17 12:01:00,12.02,270,Sim,Linha 400,2024-02
CH00450,2024-04-02 00:00:00,Antena GPS AG-20,Defeito de Software,Crítica,João Silva,Concluída,2024-04-02 01:50:00,1.83,1180,Sim,Linha 100,2024-04
CH00451,2023-01-01 00:00:00,Validador VA-2000,Falha Elétrica,Crítica,João Silva,Pendente,,,1173,Sim,Linha 500,2023-01
CH00452,2024-01-08 00:00:00,Display Digital DD-50,Desgaste Mecânico,Média,Ana Costa,Concluída,2024-01-08 05:51:00,5.85,307,Sim,Linha 300,2024-01
CH00453,2023-04-27 00:00:00,Computador Bordo CB-100,Conectividade,Crítica,Pedro Oliveira,Concluída,2023-04-27 00:54:00,0.9,1206,Sim,Linha 300,2023-04
CH00454,2024-01-18 00:00:00,Catraca CT-500,Conectividade,Alta,Mário Inácio,Pendente,,,577,Sim,Linha 200,2024-01
CH00455,2023-07-20 00:00:00,Catraca CT-700,Erro de Comunicação,Crítica,João Silva,Concluída,2023-07-20 01:18:00,1.3,1180,Sim,Linha 200,2023-07
CH00456,2024-02-29 00:00:00,Catraca CT-700,Conectividade,Média,Pedro Oliveira,Concluída,2024-02-29 05:35:00,5.58,400,Sim,Linha 400,2024-02
CH00457,2024-06-27 00:00:00,Catraca CT-700,Sensor Danificado,Média,Ana Costa,Concluída,2024-06-27 05:39:00,5.65,391,Sim,Linha 500,2024-06
CH00458,2023-05-12 00:00:00,Catraca CT-700,Defeito de Software,Média,Mário Inácio,Concluída,2023-05-12 07:32:00,7.53,349,Sim,Linha 500,2023-05
CH00459,2023-09-12 00:00:00,Catraca CT-500,Defeito de Software,Crítica,Ana Costa,Pendente,,,1220,Sim,Linha 300,2023-09
CH00460,2024-06-08 00:00:00,Catraca CT-500,Falha Elétrica,Média,Maria Santos,Concluída,2024-06-08 14:12:00,14.2,390,Não,Linha 500,2024-06
CH00461,2023-10-25 00:00:00,Display Digital DD-50,Erro de Comunicação,Média,Maria Santos,Pendente,,,338,Não,Linha 200,2023-10
CH00462,2024-05-06 00:00:00,Computador Bordo CB-100,Defeito de Software,Alta,João Silva,Concluída,2024-05-06 06:58:00,6.97,696,Sim,Linha 500,2024-05
CH00463,2023-04-20 00:00:00,Catraca CT-500,Conectividade,Crítica,João Silva,Pendente,,,1156,Sim,Linha 200,2023-04
CH00464,2023-06-14 00:00:00,Validador VA-2000,Sensor Danificado,Baixa,Maria Santos,Concluída,2023-06-15 03:33:00,27.55,164,Não,Linha 100,2023-06
CH00465,2023-02-03 00:00:00,Display Digital DD-50,Conectividade,Alta,Maria Santos,Pendente,,,641,Sim,Linha 100,2023-02
CH00466,2023-09-01 00:00:00,Computador Bordo CB-100,Conectividade,Média,Mário Inácio,Concluída,2023-09-01 21:26:00,21.43,323,Sim,Linha 400,2023-09
CH00467,2023-01-14 00:00:00,Catraca CT-700,Falha Elétrica,Alta,Mário Inácio,Concluída,2023-01-14 04:08:00,4.13,601,Sim,Linha 400,2023-01
CH00468,2023-07-21 00:00:00,Antena GPS AG-20,Erro de Comunicação,Alta,Mário Inácio,Pendente,,,599,Não,Linha 400,2023-07
CH00469,2024-06-10 00:00:00,Validador VA-3000,Sensor Danificado,Baixa,Maria Santos,Concluída,2024-06-10 16:08:00,16.13,196,Sim,Linha 400,2024-06
CH00470,2023-09-19 00:00:00,Catraca CT-500,Defeito de Software,Alta,Maria Santos,Concluída,2023-09-19 02:02:00,2.03,634,Sim,Linha 200,2023-09
CH00471,2023-11-05 00:00:00,Validador VA-2000,Erro de Comunicação,Alta,Mário Inácio,Concluída,2023-11-05 06:11:00,6.18,696,Sim,Linha 300,2023-11
CH00472,2023-07-08 00:00:00,Validador VA-2000,Conectividade,Alta,Mário Inácio,Concluída,2023-07-08 06:26:00,6.43,567,Sim,Linha 200,2023-07
CH00473,2023-08-15 00:00:00,Catraca CT-700,Defeito de Software,Crítica,João Silva,Concluída,2023-08-15 01:24:00,1.4,1234,Não,Linha 300,2023-08
CH00474,2023-04-28 00:00:00,Catraca CT-500,Erro de Comunicação,Crítica,Mário Inácio,Concluída,2023-04-28 01:58:00,1.97,1264,Não,Linha 500,2023-04
CH00475,2023-04-27 00:00:00,Computador Bordo CB-100,Erro de Comunicação,Baixa,Pedro Oliveira,Concluída,2023-04-28 10:20:00,34.33,165,Sim,Linha 300,2023-04
CH00476,2024-04-01 00:00:00,Validador VA-2000,Defeito de Software,Alta,Mário Inácio,Pendente,,,674,Sim,Linha 300,2024-04
CH00477,2023-04-09 00:00:00,Display Digital DD-50,Erro de Comunicação,Alta,Mário Inácio,Concluída,2023-04-09 03:25:00,3.42,687,Sim,Linha 100,2023-04
CH00478,2023-04-17 00:00:00,Display Digital DD-50,Falha de Leitura,Média,Maria Santos,Concluída,2023-04-17 11:01:00,11.02,387,Sim,Linha 100,2023-04
CH00479,2023-12-06 00:00:00,Display Digital DD-50,Sensor Danificado,Média,João Silva,Concluída,2023-12-06 05:17:00,5.28,272,Sim,Linha 100,2023-12
CH00480,2023-08-22 00:00:00,Validador VA-3000,Conectividade,Alta,Mário Inácio,Concluída,2023-08-22 04:12:00,4.2,654,Sim,Linha 400,2023-08
CH00481,2024-02-03 00:00:00,Display Digital DD-50,Falha Elétrica,Crítica,Pedro Oliveira,Concluída,2024-02-03 01:00:00,1.0,1286,Sim,Linha 500,2024-02
CH00482,2024-05-29 00:00:00,Validador VA-2000,Conectividade,Baixa,João Silva,Concluída,2024-05-29 15:14:00,15.23,174,Não,Linha 500,2024-05
CH00483,2023-02-01 00:00:00,Validador VA-2000,Desgaste Mecânico,Crítica,Ana Costa,Concluída,2023-02-01 02:31:00,2.52,1190,Sim,Linha 200,2023-02
CH00484,2023-05-28 00:00:00,Validador VA-3000,Sensor Danificado,Crítica,Mário Inácio,Concluída,2023-05-28 01:46:00,1.77,1245,Sim,Linha 500,2023-05
CH00485,2023-01-06 00:00:00,Antena GPS AG-20,Defeito de Software,Média,João Silva,Concluída,2023-01-06 23:32:00,23.53,350,Sim,Linha 500,2023-01
CH00486,2024-02-27 00:00:00,Validador VA-2000,Desgaste Mecânico,Média,Pedro Oliveira,Concluída,2024-02-27 21:29:00,21.48,286,Não,Linha 200,2024-02
CH00487,2023-07-05 00:00:00,Validador VA-3000,Defeito de Software,Alta,Maria Santos,Concluída,2023-07-05 07:43:00,7.72,695,Sim,Linha 500,2023-07
CH00488,2023-09-14 00:00:00,Catraca CT-700,Sensor Danificado,Baixa,Pedro Oliveira,Concluída,2023-09-14 14:42:00,14.7,150,Sim,Linha 400,2023-09
CH00489,2023-10-19 00:00:00,Catraca CT-500,Desgaste Mecânico,Média,Maria Santos,Concluída,2023-10-19 06:22:00,6.37,299,Não,Linha 400,2023-10
CH00490,2024-01-09 00:00:00,Catraca CT-700,Desgaste Mecânico,Alta,Mário Inácio,Concluída,2024-01-09 04:41:00,4.68,659,Não,Linha 100,2024-01
CH00491,2024-01-04 00:00:00,Catraca CT-500,Erro de Comunicação,Média,Ana Costa,Concluída,2024-01-04 08:35:00,8.58,334,Sim,Linha 400,2024-01
CH00492,2023-04-22 00:00:00,Catraca CT-700,Desgaste Mecânico,Alta,Ana Costa,Pendente,,,594,Sim,Linha 100,2023-04
CH00493,2023-09-27 00:00:00,Antena GPS AG-20,Desgaste Mecânico,Média,Mário Inácio,Concluída,2023-09-27 06:36:00,6.6,269,Sim,Linha 500,2023-09
CH00494,2023-02-07 00:00:00,Display Digital DD-50,Falha de Leitura,Crítica,Mário Inácio,Concluída,2023-02-07 02:51:00,2.85,1216,Sim,Linha 500,2023-02
CH00495,2023-08-17 00:00:00,Catraca CT-700,Sensor Danificado,Média,Pedro Oliveira,Concluída,2023-08-17 13:55:00,13.92,284,Sim,Linha 500,2023-08
CH00496,2023-01-11 00:00:00,Computador Bordo CB-100,Falha de Leitura,Crítica,Pedro Oliveira,Pendente,,,1211,Sim,Linha 200,2023-01
CH00497,2023-07-03 00:00:00,Antena GPS AG-20,Defeito de Software,Média,Ana Costa,Concluída,2023-07-03 23:19:00,23.32,394,Não,Linha 400,2023-07
CH00498,2023-03-06 00:00:00,Catraca CT-500,Falha de Leitura,Média,Ana Costa,Concluída,2023-03-06 13:01:00,13.02,344,Não,Linha 100,2023-03
CH00499,2024-04-10 00:00:00,Display Digital DD-50,Erro de Comunicação,Alta,Ana Costa,Concluída,2024-04-10 02:23:00,2.38,560,Não,Linha 100,2024-04
CH00500,2023-06-28 00:00:00,Display Digital DD-50,Defeito de Software,Alta,Pedro Oliveira,Pendente,,,646,Sim,Linha 300,2023-06
